<?xml version="1.0" encoding="UTF-8"?>
<rich-page>
    <field id="author">meeran</field>
    <field id="created">2019-11-02 19:11:41.527 +0530</field>
    <field id="homePageContent" text-type="text/html">
        <![CDATA[<div class="polarion-rp-column" style="width: 100%;">
  <h1 id="polarion_hardcoded_0">Risk Rating Statistics</h1>
  <p id="polarion_hardcoded_1"></p>
</div>
<div class="polarion-rp-row-separator" page_min_width="1000"></div>
<div class="polarion-rp-column" style="width: 70%;">
  <p id="polarion_hardcoded_2"></p>
  <div id="polarion_client1" class="polarion-rp-widget-part" data-widget="com.polarion.multiSetPieChart">
    <span class="polarion-rp-widget-parameters">
      <sub id="title"></sub>
      <sub id="sectors">
        <sub id="elements">
          <sub>
            <sub id="prototype">WorkItem</sub>
            <sub id="subtype">user_requirement</sub>
            <sub id="queryType">lucene</sub>
            <sub id="luceneQuery" style="white-space:pre;">ur_RRR:high</sub>
            <sub id="children">
              <sub id="sectorName">Risk Rating:High</sub>
              <sub id="sectorColor">Red</sub>
            </sub>
          </sub>
          <sub>
            <sub id="prototype">WorkItem</sub>
            <sub id="subtype">user_requirement</sub>
            <sub id="queryType">lucene</sub>
            <sub id="luceneQuery" style="white-space:pre;">ur_RRR:medium</sub>
            <sub id="children">
              <sub id="sectorName">Risk Rating:Medium</sub>
              <sub id="sectorColor">orange</sub>
            </sub>
          </sub>
          <sub>
            <sub id="prototype">WorkItem</sub>
            <sub id="subtype">user_requirement</sub>
            <sub id="queryType">lucene</sub>
            <sub id="luceneQuery" style="white-space:pre;">ur_RRR:low</sub>
            <sub id="children">
              <sub id="sectorName">Risk Rating:Low</sub>
              <sub id="sectorColor">green</sub>
            </sub>
          </sub>
        </sub>
      </sub>
      <sub id="showDataLabels">true</sub>
      <sub id="showZeroValues">false</sub>
      <sub id="advanced">
        <sub id="height">600</sub>
        <sub id="width">600</sub>
      </sub>
    </span>
  </div>
  <p id="polarion_1">
    *Info: Pie Chart shows total number of user requirements per Risk Rating*<br/>
  </p>
</div>
<div class="polarion-rp-column" style="width: 30%;">
  <p id="polarion_hardcoded_3"></p>
</div>
<div class="polarion-rp-row-separator"></div>]]>
    </field>
    <field id="title">Risk Rating Statistics</field>
</rich-page>
